[
    {
        "id": 1,
        "name": "Івано-Франківська Ратуша",
        "shortname": "Ivano-Frankivska_Ratusha",
        "photosAmount": 4,
        "description":  "Першу ратушу в місті збудували в 1672 р. в стилі пізнього Ренесансу. Вона мала вигляд дев’ятиповерхової круглої вежі з кам’яною основою. Кілька разів споруда перебудовувалася. Зазнавши значних руйнувань під час Першої світової війни, ратуша після відбудови в 1935 р. набула хрестоподібного вигляду і так збереглася донині.Вежа, що підіймається з основи хреста, має висоту 49.5 м і закінчується своєрідним куполом, що нагадує військовий шолом. Протягом 1999-2000 рр. під час останнього капітального ремонту на ній позолотили купол (37 м кв), що перетворило її на унікальну цивільну споруду в Україні.",
        "gmapsRef":"https://www.google.com/maps/embed?pb=!1m18!1m12!1m3!1d2621.6126907289827!2d24.70827031563186!3d48.922770979293844!2m3!1f0!2f0!3f0!3m2!1i1024!2i768!4f13.1!3m3!1m2!1s0x4730c1134c1e1d05%3A0x52490da1a618a0de!2z0JjQstCw0L3Qvi3QpNGA0LDQvdC60L7QstGB0LrQsNGPINGA0LDRgtGD0YjQsCwg0JjQstCw0L3Qvi3QpNGA0LDQvdC60L7QstGB0LosINCY0LLQsNC90L4t0KTRgNCw0L3QutC-0LLRgdC60LDRjyDQvtCx0LvQsNGB0YLRjCwgNzYwMDA!5e0!3m2!1sru!2sua!4v1653137353109!5m2!1sru!2sua"
    },
    {
        "id": 2,
        "name": "Манявський Водоспад",
        "shortname": "Maniavskyi_Vodospad",
        "photosAmount": 4,
        "description":  "Манявський водоспад – справжнє диво, яке варте уваги кожного мандрівника, один із найвищих у Карпатах і навіть в Україні (вода падає кількома каскадами з висоти 16-20 м), поряд із водоспадами Пробій у Яремчі та Шипіт у підніжжі полонини Боржава вважається одним з чудес українських Карпат і франківщини зокрема. Щоб оцінити таку красу, слід пішки здолати не менше 2 км ґрунтової дороги. Це займе трохи менше години. Дорога до водоспаду дуже мальовнича, висота гранітних стін каньйону тут інколи сягає 20 м. Вода падає на землю каскадами з трьох водоспадів. У підніжжі водоспаду є невелике озеро.",
        "gmapsRef":"https://www.google.com/maps/embed?pb=!1m18!1m12!1m3!1d2637.171632693254!2d24.299033830846273!3d48.62569761294565!2m3!1f0!2f0!3f0!3m2!1i1024!2i768!4f13.1!3m3!1m2!1s0x473749eac8a8f083%3A0xc7bcfba3a6820845!2z0JzQsNC90Y_QstGB0LrQuNC5INCy0L7QtNC-0L_QsNC0!5e0!3m2!1sru!2sua!4v1653137583564!5m2!1sru!2sua"
    },
    {
        "id": 3,
        "name": "Озеро Несамовите",
        "shortname": "Ozero_Nesamovyte",
        "photosAmount": 4,
        "description":  "Несамовите «невелике морське око» - одне з найвищих озер Українських Карпат (1750 м. над рівнем моря). Розташоване в Івано-Франківської області. Лежить у межах Карпатського національного парку, в льодовиковому карі (впадині) на східних схилах гори Туркул (масив Чорногора). Довжина озера 88 м, ширина 45 м. Глибина по всій площі коливається в межах 1-1,5 м. Льодовикового походження. Місцевість поблизу Несамовитого вражає доісторичними формами. Недалеко знаходяться хребти Великі та Малі Козли, які розсікають долину з озером на три частини. Хребти складаються з гострих, неприступних скель.",
        "gmapsRef":"https://www.google.com/maps/embed?pb=!1m18!1m12!1m3!1d2663.3619969124234!2d24.537088765602924!3d48.12254197922223!2m3!1f0!2f0!3f0!3m2!1i1024!2i768!4f13.1!3m3!1m2!1s0x4736fc7ee4e423a7%3A0x3461346602527962!2z0J3QtdC40YHRgtC-0LLQvtC1!5e0!3m2!1sru!2sua!4v1653137664061!5m2!1sru!2sua" 
    },
    {
        "id": 4,
        "name": "Святилище Довбушеві Комори",
        "shortname": "Sviatylyshche_Dovbushevi_Komory",
        "photosAmount": 4,
        "description":  "Сама висока вершина масиву Синиця підноситься до 1186 метрів над рівнем моря. В неї округла верхівка, із кам’яними невеликими скелями на ній. Довбушеві Церкви – таку назву має це місце. На південний схід від неї по сусідству розташована округла гора Бовдури, на вершині якої знаходиться невелика скеля. З під гори бере початок потік Студенєк. В сторону  північного західу від гори Синиця можна побачити  трохи згладжену гора Довбушанку, висота якої складає 1100 метрів над рівнем моря. Довбушанку вінчає пара величезних кам’яних скель, розділених глибокою вузькою ущелиною.",
        "gmapsRef":"https://www.google.com/maps/embed?pb=!1m18!1m12!1m3!1d10648.562448225886!2d24.894869340351637!3d48.14609431758416!2m3!1f0!2f0!3f0!3m2!1i1024!2i768!4f13.1!3m3!1m2!1s0x4736ecf5037c572f%3A0x395b45cf87f9dfa3!2z0LPQvtGA0LAg0KHQuNC90LjRhtGL!5e0!3m2!1sru!2sua!4v1653138223762!5m2!1sru!2sua"
    }
]